{"cameraMode":{"drawMode":0,"name":"Shaded","section":"Shading Mode"},"sceneLighting":false,"audioPlay":false,"sceneViewState":{"showFog":true,"showMaterialUpdate":false,"showSkybox":false,"showFlares":true,"showImageEffects":true,"showParticleSystems":true},"in2DMode":false,"pivot":{"x":9.415178298950196,"y":1.7348781824111939,"z":0.6289063692092896},"rotation":{"x":-0.010093793272972107,"y":0.27537935972213747,"z":0.0028915901202708484,"w":0.9612783193588257},"size":3.5004220008850099,"orthographic":false}