{"cameraMode":{"drawMode":0,"name":"Shaded","section":"Shading Mode"},"sceneLighting":false,"audioPlay":false,"sceneViewState":{"showFog":true,"showMaterialUpdate":false,"showSkybox":true,"showFlares":true,"showImageEffects":true,"showParticleSystems":true},"in2DMode":false,"pivot":{"x":99.97724151611328,"y":-2.354057550430298,"z":4.490157604217529},"rotation":{"x":-0.020682012662291528,"y":-0.02309180609881878,"z":-0.00047798483865335584,"w":0.9995192885398865},"size":6.018559455871582,"orthographic":false}