{"cameraMode":{"drawMode":0,"name":"Shaded","section":"Shading Mode"},"sceneLighting":false,"audioPlay":false,"sceneViewState":{"showFog":true,"showMaterialUpdate":false,"showSkybox":false,"showFlares":true,"showImageEffects":true,"showParticleSystems":true},"in2DMode":false,"pivot":{"x":3.9619333744049074,"y":3.340275287628174,"z":-0.043362103402614596},"rotation":{"x":0.05815266817808151,"y":-0.02904384583234787,"z":0.001692625810392201,"w":0.9978837370872498},"size":8.13215446472168,"orthographic":true}