{"cameraMode":{"drawMode":0,"name":"Shaded","section":"Shading Mode"},"sceneLighting":false,"audioPlay":false,"sceneViewState":{"showFog":true,"showMaterialUpdate":true,"showSkybox":true,"showFlares":true,"showImageEffects":true,"showParticleSystems":true},"in2DMode":false,"pivot":{"x":0.11921148002147675,"y":-0.08321459591388703,"z":-0.060958653688430789},"rotation":{"x":0.08717229217290878,"y":-0.8995905518531799,"z":0.21045254170894624,"w":0.37262260913848879},"size":0.6434139013290405,"orthographic":false}