{"cameraMode":{"drawMode":0,"name":"Shaded","section":"Shading Mode"},"sceneLighting":false,"audioPlay":false,"sceneViewState":{"showFog":true,"showMaterialUpdate":false,"showSkybox":false,"showFlares":true,"showImageEffects":true,"showParticleSystems":true},"in2DMode":false,"pivot":{"x":0.10678967833518982,"y":3.0812172889709474,"z":-6.4623212814331059},"rotation":{"x":0.10100199282169342,"y":-0.1962442547082901,"z":0.020326707512140275,"w":0.9751275181770325},"size":16.21599578857422,"orthographic":false}