{"cameraMode":{"drawMode":0,"name":"Shaded","section":"Shading Mode"},"sceneLighting":false,"audioPlay":false,"sceneViewState":{"showFog":true,"showMaterialUpdate":false,"showSkybox":false,"showFlares":true,"showImageEffects":true,"showParticleSystems":true},"in2DMode":false,"pivot":{"x":20.829303741455079,"y":0.993445098400116,"z":0.15334630012512208},"rotation":{"x":0.1226101964712143,"y":0.7909688353538513,"z":-0.1685890555381775,"w":0.5752502083778381},"size":1.7444634437561036,"orthographic":false}