{"cameraMode":{"drawMode":0,"name":"Shaded","section":"Shading Mode"},"sceneLighting":false,"audioPlay":false,"sceneViewState":{"showFog":true,"showMaterialUpdate":false,"showSkybox":false,"showFlares":true,"showImageEffects":true,"showParticleSystems":true},"in2DMode":false,"pivot":{"x":10.76118278503418,"y":1.0719298124313355,"z":-0.04999999701976776},"rotation":{"x":0.017926184460520746,"y":0.08986400812864304,"z":-0.001617726869881153,"w":0.9957914352416992},"size":5.000422477722168,"orthographic":false}