{"cameraMode":{"drawMode":0,"name":"Shaded","section":"Shading Mode"},"sceneLighting":false,"audioPlay":false,"sceneViewState":{"showFog":true,"showMaterialUpdate":false,"showSkybox":false,"showFlares":true,"showImageEffects":true,"showParticleSystems":true},"in2DMode":false,"pivot":{"x":-7.972010612487793,"y":-3.2688164710998537,"z":-1.3693127632141114},"rotation":{"x":0.07037071138620377,"y":-0.04487258195877075,"z":0.003168884664773941,"w":0.9965061545372009},"size":37.071754455566409,"orthographic":false}