{"cameraMode":{"drawMode":0,"name":"Shaded","section":"Shading Mode"},"sceneLighting":false,"audioPlay":false,"sceneViewState":{"showFog":true,"showMaterialUpdate":false,"showSkybox":false,"showFlares":true,"showImageEffects":true,"showParticleSystems":true},"in2DMode":false,"pivot":{"x":4.132298469543457,"y":2.658442258834839,"z":-2.3128433227539064},"rotation":{"x":-0.07193035632371903,"y":0.014959855005145073,"z":-0.0010790511732921005,"w":-0.997296929359436},"size":161.3190155029297,"orthographic":false}