{"cameraMode":{"drawMode":0,"name":"Shaded","section":"Shading Mode"},"sceneLighting":false,"audioPlay":false,"sceneViewState":{"showFog":true,"showMaterialUpdate":false,"showSkybox":false,"showFlares":true,"showImageEffects":true,"showParticleSystems":true},"in2DMode":false,"pivot":{"x":10.844813346862793,"y":-11.590933799743653,"z":22.57261085510254},"rotation":{"x":0.1721939593553543,"y":0.11731413751840592,"z":-0.02065865695476532,"w":0.9778343439102173},"size":55.311744689941409,"orthographic":false}