{"cameraMode":{"drawMode":0,"name":"Shaded","section":"Shading Mode"},"sceneLighting":false,"audioPlay":false,"sceneViewState":{"showFog":true,"showMaterialUpdate":false,"showSkybox":false,"showFlares":true,"showImageEffects":true,"showParticleSystems":true},"in2DMode":false,"pivot":{"x":408.1122131347656,"y":156.84117126464845,"z":83.06339263916016},"rotation":{"x":0.0640588253736496,"y":-0.11054307222366333,"z":0.0071400608867406849,"w":0.991779088973999},"size":2798.648193359375,"orthographic":false}