{"cameraMode":{"drawMode":0,"name":"Shaded","section":"Shading Mode"},"sceneLighting":false,"audioPlay":false,"sceneViewState":{"showFog":true,"showMaterialUpdate":false,"showSkybox":false,"showFlares":true,"showImageEffects":true,"showParticleSystems":true},"in2DMode":false,"pivot":{"x":245.91188049316407,"y":57.81559753417969,"z":6.347814083099365},"rotation":{"x":-0.07193035632371903,"y":0.014959855005145073,"z":-0.0010790511732921005,"w":-0.997296929359436},"size":259.3013000488281,"orthographic":false}