{"cameraMode":{"drawMode":0,"name":"Shaded","section":"Shading Mode"},"sceneLighting":false,"audioPlay":false,"sceneViewState":{"showFog":true,"showMaterialUpdate":false,"showSkybox":false,"showFlares":true,"showImageEffects":true,"showParticleSystems":true},"in2DMode":false,"pivot":{"x":-11.263212203979493,"y":-8.017633438110352,"z":5.18578577041626},"rotation":{"x":0.1721939593553543,"y":0.11731413751840592,"z":-0.02065865695476532,"w":0.9778343439102173},"size":18.715791702270509,"orthographic":false}