{"cameraMode":{"drawMode":0,"name":"Shaded","section":"Shading Mode"},"sceneLighting":false,"audioPlay":false,"sceneViewState":{"showFog":true,"showMaterialUpdate":false,"showSkybox":false,"showFlares":true,"showImageEffects":true,"showParticleSystems":true},"in2DMode":false,"pivot":{"x":66.81898498535156,"y":-5.33782958984375,"z":79.23611450195313},"rotation":{"x":0.24475055932998658,"y":0.11313334852457047,"z":-0.028767190873622896,"w":0.9625334143638611},"size":477.2085876464844,"orthographic":false}