{"cameraMode":{"drawMode":0,"name":"Shaded","section":"Shading Mode"},"sceneLighting":false,"audioPlay":false,"sceneViewState":{"showFog":true,"showMaterialUpdate":false,"showSkybox":false,"showFlares":true,"showImageEffects":true,"showParticleSystems":true},"in2DMode":false,"pivot":{"x":2.553316593170166,"y":-5.251431465148926,"z":-6.19896936416626},"rotation":{"x":0.11114097386598587,"y":-0.09644778072834015,"z":0.01083750557154417,"w":0.9890541434288025},"size":33.21139144897461,"orthographic":false}